id,name,description,weight,quantity,color,brand,price,size,posted_time,author_id,product_category_id,Model,product_img1,product_img2,product_img3,product_img4
1,HUAWEI,"Screen Size	:	7.12"" (1080 x 2244) Camera	:	16 + 2 | 8 MP RAM	:	4GB Battery	:	5000 mAh Operating system	:	Android Soc	:	Qualcomm SDM636 Snapdragon 636 Processor	:	Octa",210 grams,9,Black,HUAWEI,23000,7.12inches,2022-05-16 23:47:46+06,1,1,HUAWEI ENJOY MAX,images/products/Huawei-Enjoy-Max.jpg,images/floric.jpg,images/floric.jpg,images/floric.jpg
2,Duranta,"This bicycle has a strong steel frame. Its brake system is very strong, which allows you to maintain control in all situations. Its seat is adjustable, so you can change it as needed. Its front and rear wheels are fitted with mudguards so that the rider does not get mud while riding on the road.",3.5kg,5,Red & Orange,Duranta,4500,"12""",2022-05-19 22:27:33+06,1,10,Duranta Super Sports Bicycle,images/products/giant_168750.jpg,images/floric.jpg,images/floric.jpg,images/floric.jpg
19,Cadillac,"Basic: 4 Years / 50000 Miles, Corrosion: 4 Years / 50000 Miles, Drivetrain: 6 Years / 70000 Miles, Roadside Assistance: 6 Years / 70000 Miles",81.1 in,6,Black,Cadillac,7441560,227 in,2022-05-17 23:10:55+06,1,20,Cadillac Escalade ESV,images/products/Cadillac_Escalade_Luxury_2022_1.jpg,images/floric.jpg,images/floric.jpg,images/floric.jpg
20,Aston Martin,"3 Years / Unlimited Miles Basic, 10 Years / Unlimited Miles Corrosion, 3 Years / Unlimited Miles Drivetrain, and 2 Years / Unlimited Miles Roadside Assistance Warranty.",76.7 in,0,Appletree Green,Aston Martin,24561600,186.6 in,2022-05-17 23:14:17+06,1,20,Aston Martin DB11 V8,images/products/Aston_Martin_DB11_V8_2022.jpg,images/floric.jpg,images/floric.jpg,images/floric.jpg
21,Nike,you can buy the Gym Bag Traveling Bag NIKE Online in Bangladesh at best the price from our website and get home or office delivery,250 g,20,Black,Nike,800,Large,2022-05-19 21:22:01+06,1,19,Gym bag,images/products/58a6cad37fadd0fa560cbe5fb4f786f5.jpg,images/floric.jpg,images/floric.jpg,images/floric.jpg
22,Ladies Backpack,Material: PU Leather 3 in 1 for total set. Size: 24*31*10cm/18*18*5cm/11*7*1cm.,1kg,5,pink,Ladies Backpack,1650,24*31*10cm/18*1,2022-05-19 21:29:26+06,1,19,Ladies Backpack and Shoulder Bag TR002,images/products/0229306_ladies-backpack-and-shoulder-bag-tr002_415.jpeg,images/floric.jpg,images/floric.jpg,images/floric.jpg
23,Ladies Backpack,Product color may slightly vary due to photographic lighting sources or your monitor settings.,0.65kg.,4,Pink.,Ladies Backpack,1550,27*24*13cm.,2022-05-19 21:32:27+06,1,19,Ladies Backpack and Shoulder Bag SL002,images/products/0229325_ladies-backpack-and-shoulder-bag-sl002.jpeg,images/floric.jpg,images/floric.jpg,images/floric.jpg
24,Lakmé,"Water proof, lasts up to 22 hrs. It is dermatologically tested & is safe for the eyes. Easy Twist up format. Can be used water line and eye lids. Deep black finish.",0.35g.,150,Black,Lakmé,350,5cm,2022-05-19 21:38:52+06,1,2,Lakmé Eyeconic Kajal Deep Black,images/products/0230263_lakme-eyeconic-kajal-deep-black-035g.jpeg,images/floric.jpg,images/floric.jpg,images/floric.jpg
25,Lakmé 9 to 5,Provides uv protection. Gives Smooth Coverage. Lightens Skin. Evens skin tone.,30g.,50,Honey,Lakmé,550,4.8cm,2022-05-19 21:43:20+06,1,2,Lakmé Complexion Care Cream,images/products/0230259_lakme-complexion-care-cream-honey.jpeg,images/floric.jpg,images/floric.jpg,images/floric.jpg
26,Hijab,Product color may slightly vary due to photographic lighting sources or your monitor settings.,200 grams,5,"Green, Pest, & Pink.",FASHION CAPITAL,650,Length- 72 Inch,2022-05-19 21:51:21+06,1,11,Hijab 3 Pieces Combo Pack PS06.,images/products/0233920_hijab-3-pieces-combo-pack-ps06.jpeg,images/floric.jpg,images/floric.jpg,images/floric.jpg
27,Forever Bicycle,"Mechanical dual disc brake, steel frame, 17-inch frame size, forever tire, 640mm handlebar, 3 front and 7 back gear, 26"" alloy rim.",5kg,5,"Black, Sky",Forever,11000,"17""",2022-05-19 21:54:45+06,1,10,Forever 2020 Bicycle,images/products/giant_106837.jpg,images/floric.jpg,images/floric.jpg,images/floric.jpg
28,Express,"This balance bicycle is made with a strong steel frame. This bicycle has extra two wheels so that children can ride bicycles with balance. Its brake system is very strong so children can maintain control in all situations. Its seats are adjustable, so they can be adjusted to suit the needs of the children. This bicycle has a back seat so one can ride.",5kg,0,Black & Orange,Express,4500,Small,2022-05-19 22:24:59+06,1,10,Express Baby Pedal Balance Bicycle,images/products/giant_168783.jpg,images/floric.jpg,images/floric.jpg,images/floric.jpg
30,Super 16,"The Super 16 is a robust baby-balanced bicycle that is ideal for kids. For their safety, it features a back seat where kids may bike comfortably with back support. It includes two additional little wheels to allow toddlers to balance on both sides. The bike frame is extremely sturdy and will not be easily broken.",8kg,9,Yellow,Super 16,4500,"12""",2022-05-19 22:30:16+06,1,10,Super 16 Heavy Baby Balanced Cycle,images/products/giant_167685.jpg,images/floric.jpg,images/floric.jpg,images/floric.jpg
31,Starex 32” GS,Dynamic Mega Contrast Ratio 32-Inch Display with HD Resolution Refresh Rate- 100 Hz Warranty: 1 Year,2.5kg,10,HD (1366 x 768),Starex,15000,32-Inch,2022-05-19 22:32:47+06,1,15,Starex 32” GS Smart Android Led Tv Monitor,images/products/32-wide-500x500.jpg,images/floric.jpg,images/floric.jpg,images/floric.jpg
32,Samsung 32N4010,"The dimension of this LED TV is 737.4 mm x 438 mm x 74.1 mm without a stand while the weight without a stand is 3.8 kg. Samsung 32N4010 32"" Basic HD LED Television offers No Parts Warranty but it has a 05 Year Service Warranty.",3.2kg,5,Wide Colour Enhancer,Samsung,16500,"32""",2022-05-19 22:38:23+06,1,15,"Samsung 32N4010 32"" Basic HD LED Television",images/products/32n4010-01-500x500.jpg,images/floric.jpg,images/floric.jpg,images/floric.jpg
33,Haier,Miracast Screen Mirroring,2kg,2,Resolution 1366 x 768 (HD),Haier,18500,"32""",2022-05-19 22:41:52+06,1,15,Haier H32D2M 32 Inch Miracast HD Non-Smart LED Television,images/products/h32d2m-01-500x500.jpg,images/floric.jpg,images/floric.jpg,images/floric.jpg
34,Motorola Moto,"Battery	 Type and Capacity	Lithium-polymer 5000 mAh (non-removable) Fast Charging	✅ 20W Fast Charging",200 grams,15,Pastel Sky,Motorola Moto,19999,6.5 inches,2022-05-16 23:57:41+06,1,1,Motorola Moto G30,images/products/motorola-moto-g30-1.jpg,images/floric.jpg,images/floric.jpg,images/floric.jpg
35,Tesla,Tesla All-Wheel Drive has two ultra-responsive,"75.6 in (1,920 mm)",3,Red,Tesla,4299140,187 in,2022-05-17 22:28:46+06,1,20,Model Y,images/products/Tesla_Model_Y_Standard_Range_2021.jpg,images/floric.jpg,images/floric.jpg,images/floric.jpg
36,Datsun,"Cylinders 3 Cylinders Inline Valves 4 Valves/Cylinder, DOHC Max Power (BHP) 54 bhp @ 5600 rpm Max Torque (NM) 72 Nm @ 4250 rpm Mileage (ARAI) 20.71 kmpl",1574 mm,9,Orange,Datsun,551842,3435 mm,2022-05-17 23:06:46+06,1,20,Datsun redi-GO,images/products/Datsun-Go-Exterior-138944.jpg,images/floric.jpg,images/floric.jpg,images/floric.jpg
37,Redmi,"OS	Android 10, MIUI 12 Chipset	Qualcomm SM7125 Snapdragon 720G (8 nm) CPU	Octa-core (2x2.3 GHz Kryo 465 Gold & 6x1.8 GHz Kryo 465 Silver) GPU	Adreno 618",209 g,18,Aurora Blue,Xiaomi,23500,6.67 inches,2022-05-17 00:38:49+06,1,1,Xiaomi Redmi Note 9 Pro Max,images/products/Xiaomi-Redmi-Note-9-Pro-Max-Official-image.jpg,images/floric.jpg,images/floric.jpg,images/floric.jpg
43,Toyota,"Engine	:4Cylinder/2487cc Transmission(Gear)	:8-Speed(Auto) Fuel Type	:Petrol-Electric",950kg,4,Sky,TOYOTA,4373960,152 in,2022-05-17 22:53:14+06,1,20,TOYOTA RAV4 HYBRID AWD,images/products/20191105_02_01_s.jpg,images/floric.jpg,images/floric.jpg,images/floric.jpg
44,Realme,"Display	6.62 inches	 Primary Camera	64 MP (f/1.8 Main) + 8 MP (f/2.3 Wide Angle) + 2 MP (f/2.4	12 MP Battery	Non-removable Li-Po 5000 mAh battery	4500 mAh",199.8 g,16,Sky,Realme,31990,6.7 inches,2022-05-17 00:23:12+06,1,1,Realme GT Neo 2,images/products/realme-narzo-20.jpg,images/floric.jpg,images/floric.jpg,images/floric.jpg
45,Black Panther,the Lexus LC 500 is not your ordinary car. It is extraordinary in more than one way. This grand tourer has a 5.0 L V8 engine,650kg,2,Black,Black Panther,13011600,122in,2022-05-17 22:36:17+06,1,20,Lexus LC 500,images/products/41B9rVawidL.jpg,images/floric.jpg,images/floric.jpg,images/floric.jpg
47,Vivo,"microSDXC (dedicated slot) Internal	128GB 8GB RAM, 256GB 8GB RAM",171 g,5,Moonlight Sonata,Vivo,27990,6.44 inches,2022-05-17 00:42:45+06,1,1,vivo V20,images/products/13239c4e7dc8ccbc639ed14c170d5721.png,images/floric.jpg,images/floric.jpg,images/floric.jpg
49,Nokia,"4 MB RAM, 4 MB Internal storage, Single SIM",210 grams,20,Blue,Nokia,1299,medium,2022-05-17 01:05:06+06,1,1,Nokia 105,images/products/nokia.jpg,images/floric.jpg,images/floric.jpg,images/floric.jpg
53,Hyundai,"Engine	: 1368 cc Transmission(Gear)	: 6-Speed(Auto) Fuel Type	:Gasoline(Petrol)",700kg,2,Blue,Hyundai,4549000,"6' 7.09""",2022-05-17 22:58:25+06,1,20,Hyundai,images/products/images_1.jpeg,images/floric.jpg,images/floric.jpg,images/floric.jpg
54,iPhone,"Face ID, accelerometer, gyro, proximity, compass, barometer  	Ultra Wideband (UWB) support",228 g,5,Silver,Apple,133500,"6.7 inches, 109",2022-05-17 00:30:28+06,1,1,Apple iPhone 12 Pro Max,images/products/iph.jpg,images/floric.jpg,images/floric.jpg,images/floric.jpg
55,BMW,The compact SUV can be had in two trims: SportX and xLine.,725kg,5,Pastel Sky,BMW,650000,145in,2022-05-17 22:44:11+06,1,20,BMW X1,images/products/bmw-x1-facelift-right-front-three-quarter2.jpeg,images/floric.jpg,images/floric.jpg,images/floric.jpg
57,Oppo,"Li-Po 4015 mAh, non-removable Charging	Fast charging 30W, 50% in 30 min, 100% in 53 min (advertised) VOOC 4.0",164 g,6,Magic Blue,Oppo,25990,6.43 inches,2022-05-17 00:54:37+06,1,1,Oppo F17 Pro,images/products/oppo.jpg,images/floric.jpg,images/floric.jpg,images/floric.jpg
59,OnePlus,"Single SIM (Nano-SIM) or Dual SIM (Nano-SIM, dual stand-by)",197 g,4,Forest Green,OnePlus,53500,6.7 inches,2022-05-17 01:02:29+06,1,1,OnePlus 9 Pro,images/products/oneplus-9-pro-1.jpg,images/floric.jpg,images/floric.jpg,images/floric.jpg
63,Ferrari,"Displacement (Cc)3,902 cc / 238.1 cu inEngine Power600 bhp / 448 kW @ 7,000 rpmTorque700 Nm / 516 ft lbs @ 6,000 rpmNo. Of Cylinders8","2,045 mm (80.5 in)",1,Red,Ferrari,34400000,"4,633 mm (182.4",2022-05-17 23:03:04+06,1,20,Ferrari 488 GT3 Evo,images/products/Ferrari_488_GT3_Evo.jpg,images/floric.jpg,images/floric.jpg,images/floric.jpg
64,Samsung,"128GB 8GB RAM , 32-bit/384kHz audio",163 g,6,Cosmic Grey,Samsung,59987,"6.2 inches, 93.",2022-05-17 00:13:47+06,1,1,Samsung Galaxy S20,images/products/download_1.jpg,images/floric.jpg,images/floric.jpg,images/floric.jpg
65,X corolla,Drive TypeFront Wheel DriveGear BoxAutomaticSteeringSteering TypePower,800kg,13,White Pearl Crystal Shine,X Corolla,1419000,148in,2022-05-17 22:47:00+06,1,20,Toyota Corolla x,images/products/images.jpeg,images/floric.jpg,images/floric.jpg,images/floric.jpg
66,"Mango MGN1 32"" Borderless HD Smart Android LED Television",Smart Android LED TV is one of the largest TVs of the Chinese brand.,2.2kg,5,1920 x 1080 Full HD Resolution,Mango,20000,32 Inch,2022-05-19 23:26:45+06,1,15,"Mango MGN1 32"" Borderless HD Smart Android LED Television",images/products/mgf1-43-inch-500x500.png,images/floric.jpg,images/floric.jpg,images/floric.jpg
67,"LG 32LK510B 32"" HD LED Television",Dynamic Color & Virtual Surround Sound Immersive home entertainment Sophisticated inside and out,1.5kg,3,Resolution 1366 x 768,LG,23000,"32""",2022-05-19 23:34:27+06,1,15,"LG 32LK510B 32"" HD LED Television",images/products/32lk510b-01-500x500.jpg,images/floric.jpg,images/floric.jpg,images/floric.jpg
68,Xiaomi TV,"Processor: MSD6683, CPU: CA53 x 4, up to 1.2GHz RAM: 1.5GB, Storage: 8GB 32"" HD (1,366 x 768) display Supports Dolby Audio and DTS-HD",3.2kg,8,"Resolution 1,366 x 768 @60Hz",Xiaomi Mi,23500,"32""",2022-05-19 23:37:01+06,1,15,Xiaomi Mi P1 L32M6-6ARG/6AEU 32-Inch Smart Android HD TV with Netflix (Global Version),images/products/mi-p1-500x500.jpg,images/floric.jpg,images/floric.jpg,images/floric.jpg
69,Sony Bravia  TV,"WiFi ,HDMI, RF, FM Youtube and more Built-in Wi-Fi WXGA Resolution",2.4kg,6,Resolution 1366x768,Sony Bravia,29000,"32"", 80.0 cm",2022-05-19 23:41:06+06,1,15,"Sony Bravia KDL-32W600D 32"" Smart HD LED TV",images/products/KDL_W600D-500x500.jpg,images/floric.jpg,images/floric.jpg,images/floric.jpg
70,New Mini  Fan,Specifications of New Mini Rechargeable USB Charging Portable Handheld 3 Gear Speed Desktop Fan,50g,50,Pink,Fan,215,10.6*14*4.2cm,2022-05-19 23:44:40+06,1,16,New Mini Rechargeable USB Charging Portable Handheld 3 Gear Speed Desktop Fan,images/products/images_IjPbMeT.jpeg,images/floric.jpg,images/floric.jpg,images/floric.jpg
71,GFC Glamour Ceiling Fan,Superior quality aluminum alloy construction. Energy efficient Electrical Steel Sheet and 99.9% Pure Copper Wire.,8kg,5,white,GFC Glamour,10500,1400 mm,2022-05-19 23:49:47+06,1,16,GFC Glamour Ceiling Fan Full specifications,images/products/gfc-glamour-ceiling-fan.jpg,images/floric.jpg,images/floric.jpg,images/floric.jpg
72,GFC Monet Ceiling Fan,Energy efficient Electrical Steel Sheet and 99.9% Pure Copper Wire.,1.5kg,3,white,GFC,4800,1400 mm,2022-05-19 23:54:35+06,1,16,GFC Monet Ceiling Fan,images/products/gfc-monet-ceiling-fan.jpg,images/floric.jpg,images/floric.jpg,images/floric.jpg
73,Asus PC,"Processor Type : Intel Corei5-7400 Processor Speed : Up to 3.50 GHz Main Board : Intel H110 Monitor : 19.5"" HD Monitor RAM : 4 GB DDR4 2400MHz Hard Disk : 1TB 7200RPM Disk Type : HDD",5kg,7,Black,Asus,56000,"19.5"" HD Monito",2022-05-19 23:59:09+06,1,3,Asus A4321UKH Core i5 7th Gen All-In-One PC,images/products/asus-a4321ukh-core-i5-7th-gen-all-in-one-pc.jpg,images/floric.jpg,images/floric.jpg,images/floric.jpg
74,Dell PC,"Desktop Type : Gaming PC Processor Type : Intel Core i5 7th Generation 7400 Processor Speed : 6 MB Cache, 3.00 GHz Main Board : Intel H110 Chipset",5kg,5,Black,Dell,44000,"18.5"" Screen",2022-05-20 00:02:50+06,1,3,Dell Vostro 3668 Core i5 1TB HDD,images/products/dell-vostro-3668-core-i5-1tb-hdd-18-5-led-mini-tower-pc.jpg,images/floric.jpg,images/floric.jpg,images/floric.jpg
75,HP PC,Processor Type : Intel Core i3-8100T 8th Generation Processor Speed : 3.1 GHz Main Board : Intel Q370,5kg,5,Black,HP,53500,"20"" Diagonal HD",2022-05-20 00:12:37+06,1,3,HP ProOne 400 G4,images/products/hp-proone-400-g4-core-i3-8th-gen-8gb-ram-all-in-one-pc.jpg,images/floric.jpg,images/floric.jpg,images/floric.jpg
76,Apple iMac PC,"Processor	Quad Core Intel Core i5 Processor clock speed	3.4-3.8GHz Monitor	21.5 Inch 4K Retina display RAM	8GB RAM type	DDR4 2400MHz Onboard",1.5kg,3,white,Apple,152000,"Monitor	21.5 In",2022-05-20 00:16:11+06,1,3,Apple iMac,images/products/apple-imac-2017-price-in-bangladesh-2019.jpg,images/floric.jpg,images/floric.jpg,images/floric.jpg
77,walton Desktop PC,"WDPC740010 - Intel B250 Express Chipset - Intel Core™ i5-7400(7th Gen), Clock Speed 3.50GHz (6MB Cache, 2 cores, 4 threads) - Intel HD Graphics 630 - 4 GB 2400MHz DDR4 Memory( Expandable Up to 32GB) - 1 TB 7200 RPM SATA HDD",3.5kg,9,Black,walton,37990,"12""",2022-05-20 00:18:51+06,1,3,walton Desktop PC WDPC740010 Full specifications,images/products/walton-desktop-pc-wdpc740010.jpg,images/floric.jpg,images/floric.jpg,images/floric.jpg
78,Guitar Stand Wall Mount Hanger Hook,Specifications of Guitar Stand Wall Mount Hanger Hook Guitar Holder for Acoustic Guitar Electric Guitar Ukulele Violin Bass Guitar Ac,210 grams,12,Black,Guitar Stand Wall Mount Hanger Hook,165,NULL,2022-05-20 00:22:34+06,1,18,Guitar Stand Wall Mount Hanger Hook,images/products/3b3892e46aa4dc7d450d6640535f46ac.jpg,images/floric.jpg,images/floric.jpg,images/floric.jpg
79,Casio keyboard SA 46,32 Mini Keys 8-Note Polyphony 50 Play Along Tracks 5 Drum Pads Headphones Output,1.5kg,3,Black & Green,Casio,3400,"12""",2022-05-20 00:27:01+06,1,18,Casio keyboard SA 46,images/products/1593810065.jpg,images/floric.jpg,images/floric.jpg,images/floric.jpg
80,Fernedes Atlas 5x-2008 Bass Guitar,Alder Body/Maple Neck Bolt On Neck 21 Fret fingerboard,1.5kg,6,Red,Fernedes Atlas 5x-2008 Bass Guitar,24400,"34"" Scale",2022-05-20 00:28:28+06,1,18,Fernedes Atlas 5x-2008 Bass Guitar,images/products/1593078622.jpg,images/floric.jpg,images/floric.jpg,images/floric.jpg
81,Sennheiser EW135P-G4 wireless Microphone,"A broadcast quality sound solution. Providing the highest flexibility for your outdoor shoots and field recording applications. A robust wireless microphone system that offers excellent sound quality, simple mounting and ease of use.",200 grams,0,Black,Sennheiser,46000,up to 100 meter,2022-05-20 00:30:44+06,1,18,Sennheiser EW135P-G4 wireless Microphone,images/products/1610340229.jpg,images/floric.jpg,images/floric.jpg,images/floric.jpg
82,Melody 3.5 Octave Stick Harmoniam,"-3.5 octaves, 42 keys in total   the superb quality of sound",5kg,4,Red,Melody,17000,"12""",2022-05-20 00:33:45+06,1,18,Melody 3.5 Octave Stick Harmoniam,images/products/1593689592.JPG,images/floric.jpg,images/floric.jpg,images/floric.jpg
83,Melody Tablya Baya,original neem wood tabla,2.5 kg baya,4,natural,Melody Tablya Baya,6500,NULL,2022-05-20 00:36:56+06,1,18,Melody Tablya Baya,images/products/1592111661.jpg,images/floric.jpg,images/floric.jpg,images/floric.jpg
84,Skmei watch,Product Types: Smart Watch Brand : SKMEI Model Number: Skmei 1481 Style: Sport,50g,5,Black,Skmei,1550,NULL,2022-05-20 00:40:14+06,1,13,Skmei 1481 Digital Watch,images/products/7dccb268ea04dd31b9442e5a927189ae.jpg,images/floric.jpg,images/floric.jpg,images/floric.jpg
85,Haylou Smart Watch,Smart Watch,55 g,3,Black,Haylou Smart Watch,3050,45.7 x 45.7 x 1,2022-05-20 00:47:20+06,1,13,Haylou Smart Watch LS10 RT2,images/products/112ad63724517e25058826dad7a5205a.jpg,images/floric.jpg,images/floric.jpg,images/floric.jpg
86,Xiaomi Mi Band 6 CN,Smart Band,22g,16,Black,Xiaomi Mi Band,3100,"1.56"" display",2022-05-20 00:50:46+06,1,13,Xiaomi Mi Band 6 CN,images/products/3a20198c6a33dc727a15a8b0d5e3d86c.jpg,images/floric.jpg,images/floric.jpg,images/floric.jpg
87,CURREN 8356 Watch,Brand: Curren Watch style: Business Watches categories: Men Watch mirror: Sapphire Case material: Alloy,0.1280 kg,5,Black,CURREN 8356,1379,24 x 4.20 cm,2022-05-20 00:52:46+06,1,13,CURREN 8356 Luxury Business Quartz,images/products/620bcf7ee66542f3b7bde77412c4b4a2.jpg,images/floric.jpg,images/floric.jpg,images/floric.jpg
88,Curren,Style: Luxury Clasp Type: Bracelet Clasp Water Resistance Depth: 3Bar Movement: QUARTZ Case Material: Alloy,0.65kg.,0,Golden,Curren,1889,24cm,2022-05-20 00:56:44+06,1,13,Curren 8348 Luxury Brand Fashion Quartz Watch,images/products/59dd727a06fe041e562ff63aea69a0ab.jpg,images/floric.jpg,images/floric.jpg,images/floric.jpg
89,Ladies Bracelet Type Watch,"Ladies Bracelet Type Watch Quartz Movement Style: Antique Unique Bracelet Design Leather Strap, Metal Buckle with Battery",200 grams,4,Blue,Ladies Bracelet Type Watch,207,NULL,2022-05-20 01:00:11+06,1,13,Ladies Bracelet Type Watch,images/products/156_cfm0-64.jpg,images/floric.jpg,images/floric.jpg,images/floric.jpg
90,Electronic Watch,Electronicorigin China model Mi 3 touch white light movement,0.021kg,3,Yellow,Electronic Watch,209,46mm,2022-05-20 01:01:57+06,1,13,Electronic Watch Girls and Boys Trend Touch Bracelet,images/products/5898442510b6fa6bc4efea0f76f88509.jpg,images/floric.jpg,images/floric.jpg,images/floric.jpg
91,Michael Kors,Product Type: Watch Stainless Steel Mid Sizes Watch Water Resistant,0.65kg.,0,Golden,Michael Kors,2449,NULL,2022-05-20 01:03:51+06,1,13,Michael Kors Womens Watch,images/products/59dd727a06fe041e562ff63aea69a0ab_2IPBq9G.jpg,images/floric.jpg,images/floric.jpg,images/floric.jpg
92,Magnet Ladies Watch,Magnet Ladies Watch Boxes & Cases Material: Paper,0.65kg.,5,Black,Magnet Ladies Watch,179,18.6cm,2022-05-20 01:05:44+06,1,13,Magnet Ladies Watch,images/products/ah-123.jpg,images/floric.jpg,images/floric.jpg,images/floric.jpg
93,Walton Light,"WALTON MODULAR FLOOD LIGHT  Model Name	 WLED-MOD-2M100W  Rated Voltage	 220V AC  Rated Power	 100W  Frequency	 50 Hz",20g,0,white,Walton Light,6375,NULL,2022-05-20 01:09:12+06,1,9,WLED-MOD-2M100W,images/products/modular-light-364x364.jpg,images/floric.jpg,images/floric.jpg,images/floric.jpg
94,WLED-RB3WB22 light,"Energy efficient & energy saves up to 90% in respect of nominal lightings.    - OMNI directional with width beam angle of light.    - High lumen output (Efficacy), high color rendering index (CRI) & CCT.",NULL,0,Purple,Walton,140,NULL,2022-05-20 01:14:31+06,1,9,WLED-RB3WB22,images/products/rainbow-series-215x215.jpg,images/floric.jpg,images/floric.jpg,images/floric.jpg
95,Spot light,"Energy efficient & energy saves up to 90% in respect of nominal lightings. -High lumen output (Efficacy), high color rendering index (CRI) & CCT.",NULL,8,white,Walton,470,NULL,2022-05-20 01:18:51+06,1,9,WLED-CSLS-5W (5 Watt),images/products/2.Spot-light-700x700-364x364.jpg,images/floric.jpg,images/floric.jpg,images/floric.jpg
96,Torch light,"Powerful CREE T6 LED chip, all Weather Waterproof Design. & -Long distance coverage. -Torch is made of aircraft grade aluminum alloy.",200 grams,0,Black,Walton,650,NULL,2022-05-20 01:21:22+06,1,9,WLED-T6TORCH-5W,images/products/torch-light-364x364.png,images/floric.jpg,images/floric.jpg,images/floric.jpg
97,LED Light,High Brightness.    - Aluminum Body.    - Applicable for solar Home system (24V).    - Applicable for Automobile (BUS/ Truck) Lighting (24V).    - Applicable for fishing Boat lighting.,NULL,8,white,WLED-DC24V-10W,320,NULL,2022-05-20 01:25:03+06,1,9,WLED-DC24V-10W,images/products/DC-Tube-10Watt-364x364.png,images/floric.jpg,images/floric.jpg,images/floric.jpg
98,Ride On Push Car,3 In 1 Kids Indoor Outdoor Ride On Push Car Stroller And Swing Mercedes Benz GL63 Convertible Baby Car  Product code: push_car_MB_Blue,3.5kg,7,Red,Ride On Push Car,3750,50x50x102,2022-05-20 01:26:40+06,1,8,Ride On Push Car,images/products/baby-car-pink-2-500x500.jpeg,images/floric.jpg,images/floric.jpg,images/floric.jpg
99,kick scooter kids,3 wheels Adjustable Multi-Color Scooter For kids Scooter,210 grams,8,green,kick scooter kids,2099,29cm,2022-05-20 01:30:52+06,1,8,kick scooter kids,images/products/kick-scooter.jpg,images/floric.jpg,images/floric.jpg,images/floric.jpg
100,Baby gym rack and game pad combo,Baby gym rack and game pad combo baby gym play mat with 30 toy balls,1.5kg,3,green,Baby gym rack and game pad combo,2650,NULL,2022-05-20 01:33:28+06,1,8,Baby gym rack and game pad combo,images/products/baby-gym-rack-and-game.jpg,images/floric.jpg,images/floric.jpg,images/floric.jpg
101,Baby Kitchen Set,Baby Kitchen Set with music n Light,1.5kg,2,pink,Baby Kitchen Set,3500,NULL,2022-05-20 01:35:32+06,1,8,Baby Kitchen Set,images/products/baby-kitchen-set-toys-500x500.jpg,images/floric.jpg,images/floric.jpg,images/floric.jpg
102,Farlin Baby Magic Ball House,Farlin Baby Magic Ball House (With 100 Balls),200 grams,0,Red,Farlin Baby Magic Ball House,2790,NULL,2022-05-20 01:37:18+06,1,8,Farlin Baby Magic Ball House,images/products/bf-960-500x500.png,images/floric.jpg,images/floric.jpg,images/floric.jpg
103,Playtime King Slider,Safe for children Strong Build quality,5kg,4,Red,Playtime King Slider,6240,7.08 X 1.50 X 3,2022-05-20 14:03:33+06,1,8,Playtime King Slider,images/products/0354369_playtime-king-slider.jpeg,images/floric.jpg,images/floric.jpg,images/floric.jpg
104,Motor Bike Rocker,Process: Blow molding Material: HDPE Toxicity: Non-toxic Grade: Food grade,3.5kg,7,Red,Motor Bike Rocker,1190,89 Lx30 Wx 52 H,2022-05-20 14:07:34+06,1,8,Motor Bike Rocker,images/products/0336830_motor-bike-rocker-red.jpeg,images/floric.jpg,images/floric.jpg,images/floric.jpg
105,Scholar Table With Chair,Type: Educational Process: Blow molding Material: HDPE Toxicity: Non-toxic Grade: Food grade,5kg,6,green,Scholar Table With Chair,1760,29.7x 19.5x 20,2022-05-20 14:10:04+06,1,8,Scholar Table With Chair,images/products/0303228_scholar-table-with-chair-green.jpeg,images/floric.jpg,images/floric.jpg,images/floric.jpg
106,Baby Bouncer For Playing Sleeping & Relxation,"Soft mesh support conforms to a newborns baby Adjusts to three positions: play, rest and sleep Full support to your baby’s back, neck and head Add comfort to baby whilst bathing Compact, lightweight and easy to carry",1.5kg,10,Black,Baby Bouncer For Playing Sleeping & Relxation,2250,87 x 42 x 8 cm,2022-05-20 14:11:54+06,1,8,Baby Bouncer For Playing Sleeping & Relxation,images/products/0250214_baby-bouncer-for-playing-sleeping-relxation-black.jpeg,images/floric.jpg,images/floric.jpg,images/floric.jpg
107,Children's Study Table,"Children's Study Table Baby Snack Table Storage Box, Writing Plastic Table",1.5kg,5,Pastel Sky,Children's Study Table,630,"32""",2022-05-20 14:13:59+06,1,8,Children's Study Table,images/products/0385418_childrens-study-table-baby-snack-table-storage-box-writing-plas_50hGpuk.jpeg,images/floric.jpg,images/floric.jpg,images/floric.jpg
108,বিজ্ঞানবাক্স পঞ্চম শ্রেণি,"এতে রয়েছে সোলার সেল, জেনারেটর, উইন্ডমিল মডিউল, বাযার মডিউল, এলইড মডিউল, কার্বন, চারকোল সহ মোট ৬০+ উপকরণ সব অধ্যায়ের মোট ২৮ এক্সপেরিমেন্ট",210 grams,9,NULL,বিজ্ঞানবাক্স পঞ্চম শ্রেণি,2990,"12""",2022-05-20 14:17:44+06,1,4,বিজ্ঞানবাক্স পঞ্চম শ্রেণি,images/products/0377466_-.jpeg,images/floric.jpg,images/floric.jpg,images/floric.jpg
109,Captain Curious,মিশন ইলেক্ট্রোক্যানন অংশ ১। তড়িত কামান ২। কানেক্টরসহ ব্যাটারি বক্স ৪। পাঁচটি প্লাস্টিকের সৈন্য ৫। ছয়টি গোলা গভীর সমুদ্রের অ্যাডভেঞ্চার ১। ২ টি কার্তেসিয়ান ডুবুরী ২। ২ টি রকেট,1.5kg,5,green,Captain Curious,590,NULL,2022-05-20 14:19:52+06,1,4,Captain Curious,images/products/0377469_captain-curious.jpeg,images/floric.jpg,images/floric.jpg,images/floric.jpg
110,Mojar Periscope,"মোটর, ফ্যান, বর্ণ চাকতি, পেরিস্কোপ বক্স, বক্স দিয়ে পেরিস্কোপ বানানোর জন্য রয়েছে দুইটি আয়না।",200 grams,50,Mixed,Mojar Periscope,295,NULL,2022-05-20 14:21:34+06,1,4,Mojar Periscope,images/products/0377476_mojar-periscope.jpeg,images/floric.jpg,images/floric.jpg,images/floric.jpg
111,স্মার্টকিট ফোকাস চ্যালেঞ্জ,"এই কিটটিতে রয়েছে ১টি সার্কিট বোর্ড বোর্ডকে কার্যকর করার জন্য ২ টি ব্যাটারি আঁকাবাঁকা রাস্তার মতো তিনটি ধাতব তার, যেগুলোকে আলাদা আলাদা ভাবে সার্কিট বোর্ডের সাথে যুক্ত করা যাবে আর রয়েছে দুইটি লুপ একটি ছোট, অন্যটি বড় বড় লুপ দিয়ে চ্যালেঞ্জ কমপ্লিট করতে পারলে চ্যালেঞ্জটিকে আরো একটু কঠিন করার জন্য রয়েছে ছোট লুপটি।",210 grams,28,NULL,স্মার্টকিট ফোকাস চ্যালেঞ্জ,880,NULL,2022-05-20 14:23:24+06,1,4,স্মার্টকিট ফোকাস চ্যালেঞ্জ,images/products/0377481_-.jpeg,images/floric.jpg,images/floric.jpg,images/floric.jpg
112,Onnorokom Science Box: Mystery Of Chemistry,"Rubber ball, Food color, Dish Cleaner, glycerin, beaker, Calbo-C tablet and many more.",200 grams,14,pink,Onnorokom Science Box: Mystery Of Chemistry,1200,NULL,2022-05-20 14:25:11+06,1,4,Onnorokom Science Box: Mystery Of Chemistry,images/products/0109869_onnorokom-science-box-mystery-of-chemistry.jpeg,images/floric.jpg,images/floric.jpg,images/floric.jpg
113,2pcs-bangles-100-101,"Karat:	21k",12.51 Gram,4,Golden,2pcs-bangles-100-101,85100,34,2022-05-20 14:30:25+06,1,5,2pcs-bangles-100-101,images/products/AL-AMIN-JEWELLERS-AAJ-1-2PCS-BANGLES-100-101-1-scaled.jpeg,images/floric.jpg,images/floric.jpg,images/floric.jpg
114,nosepin,8 white diamond and 1 green diamond,150g,5,green,Al-amin,2800,NULL,2022-05-20 14:34:14+06,1,5,nosepin,images/products/AL-AMIN-JEWELLERS-AAJ-2-NOSEPIN-57-1-scaled.jpeg,images/floric.jpg,images/floric.jpg,images/floric.jpg
115,ring,"Karat:	22k",2.75 Gram,2,Golden,Al-amin,19400,NULL,2022-05-20 14:36:43+06,1,5,ring,images/products/AL-AMIN-JEWELLERS-AAJ-1-RING-193-1-scaled.jpg,images/floric.jpg,images/floric.jpg,images/floric.jpg
116,earring,"Karat:	22k",6.31 Gram,2,Golden,Al-amin,44500,NULL,2022-05-20 14:38:42+06,1,5,earring,images/products/AL-AMIN-JEWELLERS-AAJ-EARRING-19-1-scaled.jpg,images/floric.jpg,images/floric.jpg,images/floric.jpg
117,Brislet,"Karat:	21k",4.91 Gram,3,Golden,Al-amin,34600,NULL,2022-05-20 14:40:41+06,1,5,Brislet,images/products/AL-AMIN-JEWELLERS-AAJ-1-RISLET-123-1-scaled.jpeg,images/floric.jpg,images/floric.jpg,images/floric.jpg
118,shitahar,"Karat:	21k",37.75 Gram,1,Golden,Al-amin,254900,NULL,2022-05-20 14:43:04+06,1,5,shitahar,images/products/AL-AMIN-JEWELLERS-AAJ-1-SHITAHAR-5-1-scaled.jpg,images/floric.jpg,images/floric.jpg,images/floric.jpg
119,silaring,"Karat:	22k",3.25 Gram,4,Golden,Al-amin,22900,NULL,2022-05-20 14:45:19+06,1,5,silaring,images/products/AL-AMIN-JEWELLERS-AAJ-2-SILARING-95-1-scaled.jpeg,images/floric.jpg,images/floric.jpg,images/floric.jpg
120,tikli,"Karat:	21k",2.36 Gram,2,Golden,Al-amin,15900,NULL,2022-05-20 14:47:16+06,1,5,tikli,images/products/AL-AMIN-JEWELLERS-AAJ-TIKLI-1-1-scaled.jpg,images/floric.jpg,images/floric.jpg,images/floric.jpg
121,kanthohar,"Karat:	21k",8.8 Gram,1,Golden,Al-amin,61200,NULL,2022-05-20 14:49:18+06,1,5,kanthohar,images/products/AL-AMIN-JEWELLERS-AAJ-KANTHOHAR-24-1-scaled.jpg,images/floric.jpg,images/floric.jpg,images/floric.jpg
122,necklace,"Karat:	21k",28.31 Gram,2,Golden,Al-amin,189700,NULL,2022-05-20 14:51:05+06,1,5,necklace,images/products/AL-AMIN-JEWELLERS-AAJ-1-NECKLACE-105-1-scaled.jpg,images/floric.jpg,images/floric.jpg,images/floric.jpg
123,Genuine Leather Wallet,Made from 100% Genuine Leather Size  : Height: 9cm ; Width: 11cm 1 Year Leather Warranty,NULL,12,full-grain,Genuine Leather Wallet,650,11cm,2022-05-20 14:55:01+06,1,6,RA94C ORAS Genuine Leather Wallet for Men,images/products/RA94C-5-510x510.webp,images/floric.jpg,images/floric.jpg,images/floric.jpg
124,Crocodile Texture Genuine Leather,Made from Premium Genuine Leather 1 Year Leather Warranty,NULL,0,Black,Crocodile Texture Genuine Leather,800,3.7 inch,2022-05-20 14:58:43+06,1,6,RA87C ORAS Crocodile Texture Genuine Leather Wallet,images/products/WA87C-510x510.jpg,images/floric.jpg,images/floric.jpg,images/floric.jpg
125,ORAS Genuine Leather Wallet,Made from 100% Genuine Leather,NULL,5,Black,ORAS Genuine Leather Wallet,650,4.5 inch,2022-05-20 15:00:18+06,1,6,RA86K ORAS Genuine Leather Wallet for Men,images/products/RA86K-4-510x510.jpg,images/floric.jpg,images/floric.jpg,images/floric.jpg
126,Jeep Genuine Leather Wallet,100% Genuine Leather Wallet. 1Year Leather Warranty.,NULL,5,Brown,Jeep,1250,3.7 inch,2022-05-20 15:02:21+06,1,6,RA79N Jeep Genuine Leather Wallet for Men,images/products/RA79N-1-510x510.jpg,images/floric.jpg,images/floric.jpg,images/floric.jpg
127,ORAS Genuine Leather Wallet,100% Genuine Leather Wallet. 1 Year Leather Warranty.,NULL,5,Brown,ORAS,1000,11.5 cm,2022-05-20 15:04:20+06,1,6,RA68C ORAS Genuine Leather Wallet for Men,images/products/RA68C-1-510x510.jpg,images/floric.jpg,images/floric.jpg,images/floric.jpg
128,RA38N ORAS Genuine Leather Wallet for Men,Made from 100% Genuine Leather 1 Year Leather Warranty,NULL,5,biscute,RA38N ORAS Genuine Leather Wallet for Men,900,12 * 10cm,2022-05-20 15:06:12+06,1,6,RA38N ORAS Genuine Leather Wallet for Men,images/products/RA38N-1-510x510_1.jpg,images/floric.jpg,images/floric.jpg,images/floric.jpg
129,Key Wallet,100% Genuine Leather Wallet. Original ORAS Brand. 1 Year Leather Warranty,NULL,20,Black,ORAS,950,14cm,2022-05-20 15:08:46+06,1,6,RA99C ORAS Genuine Leather Key Wallet,images/products/RA99C-4-510x510.webp,images/floric.jpg,images/floric.jpg,images/floric.jpg
130,Multi-Function Business Travel Wallet,Made from Genuine Leather 1 Year Leather Warranty,NULL,5,Black,ORAS,900,7.2 inch,2022-05-20 15:10:55+06,1,6,RA43K ORAS Genuine Leather Multi-Function Business Travel Wallet,images/products/RA43N-2-510x510.jpg,images/floric.jpg,images/floric.jpg,images/floric.jpg
131,ORAS Genuine Leather Key Wallet,Made From Genuine Leather 1 Year Leather Warranty,NULL,0,Black,ORAS,450,6.5cm*11cm,2022-05-20 15:13:09+06,1,6,ORAS Genuine Leather Key Wallet,images/products/RA42K-5-510x510.jpg,images/floric.jpg,images/floric.jpg,images/floric.jpg
132,Ladies Purse,Made from Premium Genuine Leather 1 Year Leather Warranty,NULL,5,Red,ORAS,1500,7.3 ”,2022-05-20 15:15:18+06,1,6,RA69M ORAS Genuine Leather Ladies Purse,images/products/RA69M-3-510x510.jpg,images/floric.jpg,images/floric.jpg,images/floric.jpg
133,Semi Fitted Panjabi,Comfortable to ware,NULL,25,Red,Le Reve,3690,"38, 40, 42, 44,",2022-05-20 15:18:40+06,1,11,Semi Fitted Panjabi,images/products/2c5b670b5a35466c0230331aa1bb8cd1.jpg,images/floric.jpg,images/floric.jpg,images/floric.jpg
135,children dress,Magenta & White Floral A-Line Cotton Dress with Attached Shrug,NULL,5,Magenta & White,pspeaches,1120,4-6years,2022-05-22 23:15:22+06,1,11,pspeaches,images/products/FloralA-LineDress2_WbwJhFs.jpg,images/products/FloralA-LineDress3_RvSxnlp.jpg,images/products/FloralA-LineDress4_yNIUkSX.jpg,images/products/LineDress1_1bGZJ4o.jpg
136,SILK READYMADE LEHENGA,Lehenga Choli Fabric Satin With Ambroidery Work. Lehenga Choli Inner Fabric Cotton N American Crepe.,NULL,2,Pink,White Button,3530,1.50 Mtr,2022-05-23 21:00:10+06,1,11,LEHENGA CHOLI FOR KIDS,images/products/Copy_large.jpg,images/products/Devsena_grey_Choli_back_large.JPG,images/floric.jpg,images/floric.jpg
137,TRADITIONAL DESIGNER SILK SAREE,Real Traditional silk saree with unistice blouse,NULL,3,PEACH,Mirraw,4835,6 yard,2022-05-23 21:10:53+06,1,11,WOVEN TRADITIONAL DESIGNER SILK SAREE,images/products/45715_large.jpg,images/products/45715_1_large.jpg,images/floric.jpg,images/floric.jpg
138,MAITHILI SILK SAREE,BLUE SOFT MAITHILI SILK SAREE WITH BLOUSE PIECE,NULL,6,BLUE SOFT,Mirraw,2785,6 yard,2022-05-23 21:16:13+06,1,11,BLUE SOFT MAITHILI SILK SAREE WITH BLOUSE PIECE,images/products/5413_2A_large.jpg,images/products/5413_2B_large.jpg,images/products/5413_2C_large.jpg,images/products/5413_2D_large.jpg
139,HANDWOVEN SILK SAREES,MAHATI GREEN HANDWOVEN SILK SAREES WITH BLOUSE,NULL,2,green,Mirraw,6535,6 yard,2022-05-23 21:21:10+06,1,11,MAHATI GREEN HANDWOVEN SILK SAREES WITH BLOUSE,images/products/MAH_SUR_111_large.jpg,images/products/MAH_SUR_111A_large.jpg,images/products/MAH_SUR_111D_large.jpg,images/floric.jpg
140,COTTON WOVEN SAREE,BLUE COTTON WOVEN SAREE WITH BLOUSE,NULL,5,Blue,Mirraw,5457.5,6 yard,2022-05-23 21:27:03+06,1,11,BLUE COTTON WOVEN SAREE WITH BLOUSE,images/products/MSWRCTN_256A_large.jpg,images/products/MSWRCTN_256B_large.jpg,images/products/MSWRCTN_256C_large.jpg,images/products/MSWRCTN_256E_large.jpg
141,EMBROIDERY LEHENGA,DESIGNER EMBROIDERY LEHENGA CHOLI,NULL,0,Black,Mirraw,4002,42,2022-05-23 21:30:48+06,1,11,DESIGNER EMBROIDERY LEHENGA CHOLI,images/products/01_large.jpg,images/products/02_large.jpg,images/products/03_large.jpg,images/products/04_large.jpg
142,FLORAL WEDDING LEHENGA,STUNNING  ORGANZA ZARI AND SEQUINS WORK FLORAL WEDDING LEHENGA CHOLI FOR WOMEN,NULL,1,Orange,Mirraw,5960,42,2022-05-23 21:49:00+06,1,11,STUNNING ORGANZA ZARI AND SEQUINS WORK FLORAL WEDDING LEHENGA CHOLI FOR WOMEN,images/products/7612_1_large.jpg,images/products/7612_2_large.jpg,images/products/7612_3_large.jpg,images/products/7612_4_large.jpg
143,EMBROIDERED NET SEMI STITCHED BRIDAL LEHENGA,MUSTARD YELLOW THREAD AND SEQUINS EMBROIDERED NET SEMI STITCHED BRIDAL LEHENGA,NULL,2,Yellow,Mirraw,8522.5,42,2022-05-23 21:52:20+06,1,11,MUSTARD YELLOW THREAD AND SEQUINS EMBROIDERED NET SEMI STITCHED BRIDAL LEHENGA,images/products/2901-5_large.jpg,images/products/image_large_1.jpeg,images/products/image_large_2.jpeg,images/products/image_large.jpeg
144,SEMI STITCHED PARTY WEAR LEHENGA,SHUBHKALA CHARMING TEAL GREEN THREAD AND SEQUINS EMBROIDERED GEORGETTE SEMI STITCHED PARTY WEAR LEHENGA,NULL,4,green,Mirraw,8655,42,2022-05-23 21:55:59+06,1,11,SHUBHKALA CHARMING TEAL GREEN THREAD AND SEQUINS EMBROIDERED GEORGETTE SEMI STITCHED PARTY WEAR LEHENGA,images/products/1793-Girly-Vol21_large.jpg,images/products/1793-Girly-Vol21-1_large.jpg,images/products/1793-Girly-Vol21-2_large.jpg,images/products/1793-Girly-Vol21-3_large.jpg
145,PRINTED RAYON KURTA-SETS,"Color: Kurta : Teal Blue, Palazzo :Teal Blue || Kurta Fabric : Rayon, Palazzo Febric : Rayon || Kurta Bust Size: L(40 Inch), M(38 Inch), S(36 Inch), Xl(42 Inch) Xxl(44 Inch) || Palazzo Waist Size : L(32 Inch), M(30 Inch), S(28 Inch), Xl(34 Inch) Xxl(36 Inch) || Length: Kurta: 45 Inch, Palazzo : 38inch || Work : Kurta Foil Print, Palazzo :Foil Print Laced || Kurta With Palazzo Set, Party Wear Ans Festive Wear",NULL,6,Blue,Mirraw,3047.5,XL,2022-05-23 21:58:54+06,1,11,TEAL-BLUE PRINTED RAYON KURTA-SETS,images/products/image_large_3.jpeg,images/products/image_large_4.jpeg,images/products/image_large_5.jpeg,images/products/image_large_6.jpeg
146,EMBROIDERED-KURTIS,This Spectacular Dress From Kvsfab Will Give You An Extra Dose Of Style,NULL,5,OLIVE GREEN,Mirraw,4565,56,2022-05-23 22:09:02+06,1,11,OLIVE GREEN EMBROIDERED GEORGETTE EMBROIDERED-KURTIS,images/products/KVSKR05_S4U_BACK_large.jpg,images/products/KVSKR05_S4U_FRONT_large.jpg,images/products/KVSKR05_S4U_FRONT2_large.jpg,images/products/KVSKR05_S4U_ZOOM_large.jpg
147,GOLD CHOKERS,This Beautiful Jewellery Set Comes With Earrings & Maang Tikka / Can Be Worn For Engagement And Wedding Parties/Add An Ethereal Touch To Your Attire With This Gorgeous Set From I Jewels/Adorn This And You Are Set To Steal The Show/Perfect Accessory For Every Jewelry Box.,NULL,3,Golden,Mirraw,1587.5,35,2022-05-23 22:13:18+06,1,5,I Jewels,images/products/IJ164W_4_large.jpg,images/products/IJ164W_5_large.jpg,images/products/IJ164W_6_large.jpg,images/floric.jpg
148,AFGHANI OXIDISED SILVER JEWELLERY,"Modern, Yet Ethnic Looks Genuine German Oxidized Silver Representing A Classic Fusion Of Exquisite Craftsmanship And Feminine Elegance, The Classic Beauty Is Lot More For Impression.Designer Crafted Choker Necklace Set With Earrings Ring Nose Pin Which Is Stylish Contemporary Fringe Celebrity Style.",NULL,8,Silver,Mad Club,1590,15,2022-05-23 22:23:44+06,1,5,AFGHANI OXIDISED SILVER JEWELLERY STYLISH ANTIQUE LONG NECKLACE SET FOR WOMEN & GIRLS,images/products/image_large_10.jpeg,images/products/image_large_9.jpeg,images/products/image_large_11.jpeg,images/floric.jpg
149,Chuwi HeroBook  Laptop,"Processor Intel Celeron Processor N4020 (4M Cache, 1.10 GHz up to 2.80 GHz) Display 14.1 Inch(1920 x 1080) IPS Anti-Glare Display Memory 8GB LPDDR4 RAM Storage 256GB SSD (expansion up to 512GB) Graphics Intel UHD Graphics 600 Operating System Windows 10",1.39kg,5,Silver,Star tech,29400,14.1 Inch,2022-05-27 00:19:50+06,1,12,Chuwi HeroBook Pro,images/products/herobook-pro-1-500x500.jpg,images/products/herobook-pro-3-500x500.jpg,images/products/herobook-pro-4-500x500.jpg,images/products/herobook-pro-2-500x500.jpg
150,AVITA Essential 14 laptop,"Processor Intel Celeron Processor N4020 (4M Cache, 1.10 GHz up to 2.80 GHz) Display 14"" FHD (1920 x 1080) IPS Display Memory 4GB LPDDR4 RAM Storage 256GB SATA M.2 SSD Graphics Intel UHD Graphics 600",1.377kg,4,Concrete Grey,Star tech,29100,"14"" FHD",2022-05-27 00:29:58+06,1,12,Essential 14,images/products/essential-14-01-500x500.jpg,images/products/essential-14-3.jpg-500x500.jpg,images/products/essential-14-04-500x500.jpg,images/products/essential-14-07-500x500.jpg
151,Lenovo IdeaPad Slim 3i Laptop,"Processor: Intel Celeron N4020 (4M Cache, 1.10 GHz up to 2.80 GHz) Memory: 4GB DDR4 2400MHz RAM Storage: 1TB 5400rpm 2.5"" HDD",1.7 kg,2,Platinum Grey,Lenovo,36000,"15.6""",2022-05-27 00:40:21+06,1,12,IdeaPad Slim 3i,images/products/ideapad-slim-3i-002-500x500.jpg,images/products/ideapad-slim-3i-0010-500x500.jpg,images/products/ideapad-slim-3i-front.jpg-500x500.jpg,images/products/Screenshot_2021-12-01_164024-500x500.png
152,HP 15s laptop,"Processor: Intel Pentium Silver N5030 (4M Cache, 1.10 GHz up to 3.10 GHz) Memory: 4 GB DDR4 2400MHz RAM Storage: 1 TB 5400 rpm SATA HDD",1.74 kg,8,Black,HP,40500,"15.6"" HD",2022-05-27 00:56:01+06,1,12,15s-du1116TU,images/products/15s-du1116tu-01-500x500.jpg,images/products/15s-du1116tu-02-500x500.jpg,images/products/15s-du1116tu-03-500x500.jpg,images/products/15s-du1116tu-04-500x500.jpg
153,Dell Inspiron 15 3515 Laptop,"Processor: AMD Ryzen 3 3250U (4MB CPU Cache, 2.60GHz up to 3.50GHz) RAM: 4GB DDR4 3200MHz (1x4) HDD: 1TB; Operating System: Windows 10",1.69 kg,3,Silver,Dell,43000,"15.6"" FHD",2022-05-27 01:01:05+06,1,12,Inspiron 15 3515,images/products/dell-inspiron-15-04-500x500.jpg,images/products/dell-inspiron-15-3515-01-500x500.jpg,images/products/dell-inspiron-15-3515-02-500x500.jpg,images/products/dell-inspiron-15-3515-03-500x500.jpg
154,VSN GD Refrigerator,Cooling effects: Freezer Cabinet Less than -18℃  Cooling effects: Refrigerator Cabinet 0℃ to +6℃  Fabulous ultra-modern glass door design  Very fast cooling speed  Hygienic clean air,58/53 kg,5,"Black, red, orange",Vision,32900,576X550X1460 mm,2022-05-31 00:07:16+06,1,21,RE-200L Mirror Lotus-TM,images/products/Fri-2_wex9-td.jpg,images/products/Lily-flower-maroon_caue-wm.jpg,images/products/Lily_orange_fl_copy.JPG,images/products/180L__1_.png
155,Vision Automatic Washing Machine,"Voltage/Frequency: 220V/50Hz Rated power, Wash (W):380W Motor Rating (W)135W Noise level, Wash (dB):≤62 Noise level, Spin (dB):≤72",6kg,3,white,Vision,18000,520*530*875mm,2022-05-31 00:14:24+06,1,21,STL02,images/products/123-fococlipping-HD_vlgn-bb.jpg,images/products/124-fococlipping-HD_xy8r-lp.jpg,images/products/125_nlx5-vv.jpg,images/products/WM-VS-FL85-A03.jpg
156,Multimedia Speaker,input: AUX Device supports: USB/SD/MMC/BT Bluetooth Version: 5.0 Bluetooth Range: 10M (Without Barrier) Digital FM Radio: Yes (20 Ch memory) FM Frequency range: 87.5MHz - 108MHz,1.5kg,5,Black,Vision,4990,"5.25""",2022-05-31 00:50:10+06,1,22,Roar 1.0,images/products/0288720_vision-vsn-21-multimedia-speaker-sonic-401.jpeg,images/products/Capture.PNG,images/products/Loud_VSN_201_800x800pxl.jpg,images/products/Roar_1.0_800x800pxl.jpg
157,Microwave Oven,Oven Capacity: 25 L Rated Voltage: 230~50Hz Rated Input Power (Microwave): 1400W Rated Output Power (Microwave): 900W Rated Input Power(Grill): 1000W,5kg,2,Black,Vision,14800,12 * 10cm,2022-05-31 00:57:36+06,1,21,G25 Smart,images/products/0007501_vision-micro-oven-vsm-25-ltr-smart.jpeg,images/products/0252807_vision-micro-oven-vsm-30-ltr-convection.jpeg,images/products/MO-VS-25L-G25-_-800x800__1.jpg,images/products/VISION_Electric_Oven_32L_MRP_8000.jpg
158,Rice Cooker RC-1.8,"Inner Pot: Double pot (One is SS pot and one is Aluminum) Power: Cylinder shaped, 3.0 Ltr. 220V- 50Hz, 1100W 2 hole 6-6.5mm Plastic Handle Glass Lid",3kg,3,"Red,blue,white",Vision,2600,Large,2022-05-31 01:02:00+06,1,21,L 40-06 SS Classic,images/products/vision-rice-cooker-standard-18-ltr-navy-blue-e1616824707939.jpg,images/products/Code_873206__Vision_RC-_3.0_L_SS_50-05_Purple__Double_Pot_.jpg,images/products/code_873238__Vision_Rice_cooker__1.0_ltr__-100_SS_Red__single_pot_.jpg,images/products/download_1_yEbsPoK.jpg
159,WIFI Doll Camera,"Processor HI3518E V200 Display resolution: 2.0MP, 1920 x 1080 Lens: FNO: 2.5; FL:3.6mm View angle: 95°",200 grams,8,white,Vision,2650,medium,2022-05-31 01:08:30+06,1,22,Star V13Q,images/products/873363_Vision_wireless_doll_camera_800x800.jpg,images/products/downlo-250x250.jpg,images/products/wifi-ip-camera-500x500.jpg,images/products/wireless-ip-cctv-camera-500x500.JPG
160,E. Kettle 1.0L,"Power: 1000W, 220V, 50Hz Fully Heat resistant, Cool touch two layer body. Inner side 201SS & Outer side Plastic heat proof Body.",1.5kg,3,"Red, Black, Blue",Vision,950,"12""",2022-05-31 01:15:33+06,1,22,VIS-EK-013(ROYAL),images/products/EK__1_.jpg,images/products/EK__2_.jpg,images/products/EK__3_.jpg,images/floric.jpg
161,Blender VIS-SBL-018 Rapid Power,"220~240V, 50Hz, 650W, Stainless Steel Blender. 100% ABS material Plastic body with Metallic Color",0.65kg.,5,Red,Vision,4100,Large,2022-05-31 01:18:59+06,1,21,VIS-SBL-018,images/products/800x800.jpg,images/products/873154.jpg,images/products/1243510e61df2b4cfcedf37a5eec616f.jpg,images/products/bafd594e0adeb80feadf5b703dd2f96b.jpg
162,VSN Electric Geyser,Capacity: 30 Liter/Hour Ceiling/Floor type installation Glass wool Insulation Low power consumption,1.5kg,4,white,Vision,7060,medium,2022-05-31 01:22:54+06,1,22,RAC 30L Classic,images/products/873230_-_Vision_Geyser_30L_Prime__1_.jpg,images/products/892725_-_VSN_Electric_Geyser_RAC_-_30L_Classic.jpg,images/products/1492324431.png,images/products/WG-C30L_V3_-364x364.png
163,Electronic Dry Iron,Thermostat temp control with 500 hours life time Non-stick coated sole-plate Flexible 360 degree swivel cord guard Automatic power off after reach target temperature.,0.7Kg,5,Blue,Vision,930,1.5M 3X0.75²,2022-05-31 01:27:50+06,1,22,VIS-DEI-010,images/products/873370-E._Iron-Model_No._VIS-DEI-010__Blue_.png.jpg,images/products/Philips-GC190540-Steam-Iron-.jpg,images/products/vision-steam-iron-vis-ypf-61381487137323.jpg,images/products/vision-dry-iron-vis-898a1487136992.jpg
164,Laptop Pouch bag,Good Quality Material  Compatible with 13 inch Tab and Note Book,200 grams,15,Black,Star tech,550,medium,2022-05-31 01:53:18+06,1,19,Laptop Pouch bag for 13 inch Notebook,images/products/10-inch-laptop-sleeve-bag-cover-case-500x500.jpg,images/products/12fb4247281d7fc0d5c74c0ad4a4f7b6.jpg_720x720q80.jpg_.webp,images/products/Laptop_Pouch_bag_for_12_inch__Notebook-500x500.jpg,images/products/b22cf62efaee167579b99a4de1221419.jpg
165,Targus Intellect Laptop Backpack,"COMPATIBILITY Up to 15.6"" laptops LITRE CAPACITY 16.11L MATERIAL Polyester COUNTRY OF ORIGIN China",0.47 kg,6,Black,Star tech,1650,30.5 x 11 x 42.,2022-05-31 01:56:00+06,1,19,model s,images/products/tbb565gl-1-500x500.jpeg,images/products/tbb565gl-2-500x500.jpeg,images/products/tbb565gl-4-500x500.jpeg,images/products/tbb565gl-500x500.jpeg
166,ZOOM HD DIGITAL CAMERA,20.1MP Super HADâ„¢ CCD sensor 5x Optical Zoom with SteadyShot ISO 100-3200 26mm wide-angle lens,125 g,5,Silver,Sony,13000,5cm,2022-05-31 02:00:14+06,1,22,Camera W-800,images/products/DSCW800_main_v500-500x500.png,images/products/images_i8M9FeU.jpeg,images/products/Sony-Cyber-Shot-DSC-H70-735x400.jpg,images/products/SONY-CYBER-SHOT-W800.jpg
167,gaming headphone,Frequency Range 20 Hz – 20KHZ Impedance 32±15% Ω Sensitivity 103dB±3dB Input Jack 3.5mm Connectivity USB,100gm,10,Black,Havit,1100,medium,2022-05-31 02:06:15+06,1,22,HV-H2239D,images/products/h2239d-1-500x500.jpg,images/products/h2239d-3-500x500.jpg,images/products/h2239d-500x500.jpg,images/floric.jpg
168,Dual Band Gigabit 7 Antennas Router,6-Way high-performance signal amplifier 6 High gain antennas Two-gigabit wireless speed Full terminal game acceleration,200 grams,5,Black,Xiaomi Mi,4200,Large,2022-05-31 02:11:11+06,1,22,R2350 AIoT AC2350,images/products/r2350-aIot-1-500x500.jpg,images/products/r2350-aIot-2-500x500.jpg,images/products/r2350-aIot-500x500.jpg,images/products/r2350-aIot-1-500x500_PiHdERv.jpg
169,Wireless Earbuds,"6.5 Hours Playtime (25 Hours with Charging Case) Hall-Sensor Technology Ensures Connectivity in 3 Seconds Bluetooth Version 5.0, Wireless Range 10 Meters IPX5 Water-Resistant",10g,15,white,Anker,2749,Small,2022-05-31 02:14:05+06,1,22,Soundcore R100,images/products/0355917_anker-soundcore-r100-fast-charging-tws-with-25-hours-playtime-b_qTMdriy.jpeg,images/products/images_1_kIdOtyD.jpeg,images/products/images_2.jpeg,images/products/Soundcore-R100-White.jpg
170,Standard Backup Online UPS,Capacity: 3000VA Ranged Voltage: 220/230/240Vac Frequency: 50Hz,1.5kg,6,Black,MaxGreen,31900,Large,2022-05-31 02:18:35+06,1,3,MGO-W3KS 3KVA,images/products/3ks-3-500x500.jpg,images/products/daggewmlxohahbghmy6c_800x.jpg,images/products/mgo-w3ks-01-500x500.jpg,images/products/mgo-w3ks-02-500x500.jpg
171,Single Function Mono Laser Printer,Print Speed:18 PPM(Bk) Resolution: 600x600 dpi Connectivity:Hi-Speed USB 2.0,3.5kg,3,white,Canon,18500,Large,2022-05-31 02:25:58+06,1,22,LBP 6030,images/products/06yLG94lYXh39hkwqSfo0y6-6..v1569481286.jpg,images/products/canon-imageclass-lbp6030-single-function-mono-laser-printer.jpg,images/products/lbp-6000-500x500.jpg,images/products/lbp6030-b1-500x500.png
172,Smart Managed Switch,Forwarding performance: 11.9 Mpps 8 Gigabit Ethernet ports Ports: 8 x 10/100/1000 Switching Capacity: 16 Gbps,210 grams,5,Black,Zyxel,7350,medium,2022-05-31 02:32:17+06,1,22,GS1900-8 8-Port,images/products/gs1900-8-1-500x500.jpg,images/products/gs1900-8-2-500x500.jpg,images/products/gs1900-8-3-500x500.jpg,images/products/gs1900-8-4-500x500.jpg
173,Digital Voice Recorder,"MP3 128 kbps Stereo, Stereo 3.5mm Input & output Record MP3 audio quickly and simply Dry Battery, 4GB Memory Stores Built-in Monaural Microphone",50g,11,Black,Sony,5500,Small,2022-05-31 02:37:41+06,1,22,ICD-PX370 4GB,images/products/icd-px370-01-500x500.jpg,images/products/icd-px370-05-500x500.jpg,images/products/icd-px370-06-500x500.jpg,images/products/icd-px370-07-500x500.jpg
174,Microsoft Windows 10 Professional  DVD,Processor: 1GHz or faster RAM: 2 GB for 64-bit HDD space: Up to 20 GB available Licence Type : Perpetual (Life Time),5g,5,white,Microsoft,15300,Small,2022-05-31 02:41:26+06,1,3,Eng INTL 1PK DSP,images/products/21_1_2.jpg,images/products/435095.jpg,images/products/microsoft-windows-10-pro-software-500x500.png,images/products/win_10_pro-1-500x500.jpg
175,Swivel Chair,Made from superior quality chrome plated mild steel.   High quality fabric upholstery with soft and durable cushioning. Fabric can be selected from available options Metal Inert Gas (MIG) welding for superior quality and durability Cutting and bending are done by latest Japanese CNC machine with 99.99% accuracy,5kg,5,Black,HATIL,9450,medium,2022-06-02 23:05:16+06,1,14,Lyndon-127,images/products/637550495060278135_Lyndon-127-14-1156-1_2.jpg,images/products/637550495060278135_Lyndon-127-14-1156-1_3.jpg,images/products/637550495060278135_Lyndon-127-14-1156-1_4.jpg,images/products/637550495060278135_Lyndon-127-14-1156-1_5.jpg
176,All Swivel Chair,Made from Chrome base mild steel and Nylon Base High quality environment friendly Italian Ultra Violet (UV) and Polyurethane (PU) Lacquer in antique finish High quality fabric upholstery with soft and durable cushioning. Fabric can be selected from available options,8kg,8,Black,HATIL,23650,Large,2022-06-02 23:13:25+06,1,14,Pokemon-144,images/products/637535722158428564_Pokemon-144-0-0-NaN-1_2.jpg,images/products/637535722158583579_Pokemon-144-0-0-NaN-1_3.jpg,images/products/637535722158583579_Pokemon-144-0-0-NaN-1_4.jpg,images/products/637535722158739433_Pokemon-144-0-0-NaN-1_7.jpg
177,HATIL Swivel Chair,Made from superior quality Nylon Base High quality environment friendly Italian Ultra Violet (UV) and Polyurethane (PU) Lacquer in antique finish High quality fabric upholstery with soft and durable cushioning. Fabric can be selected from available options Cutting and bending are done by latest Japanese CNC machine with 99.99% accuracy Please refer to images for dimension details,5kg,3,Black,HATIL,24200,medium,2022-06-02 23:16:32+06,1,14,Ruby-140,images/products/637530643676548311_Ruby-140-0-0-NaN-1_2.jpg,images/products/637530643676704083_Ruby-140-0-0-NaN-1_3.jpg,images/products/637530643676859661_Ruby-140-0-0-NaN-1_6.jpg,images/products/637530643677015777_Ruby-140-0-0-NaN-1_7.jpg
178,Intel Core i3-2120 2nd Gen Processor,"Clock Speed: 3.30 GHz Cache: 3 MB Intel Smart Cache Cores: 2, Threads: 4 Socket: FCLGA1155",200 grams,10,Black,intel,3000,32 GB,2022-06-02 23:20:17+06,1,3,Core i3,images/products/eef4e2639868764fe83ec9f709f3f548.jpg,images/products/i3-2120-500x500.jpg,images/products/i3-2120-tray-500x500.jpg,images/products/images_1_WYftuId.jpeg
179,CPU Liquid Cooler,High-Class Radiator Fans for Better Cooling Performance Durable Graphite Pump Bearing for Silent Operation Reinforced Extended FEP Tubing Compatible with Intel & AMD,200 grams,5,Black,ZADAK SPARK,8000,Small,2022-06-02 23:26:06+06,1,3,Lite ARGB 240mn,images/products/35-200-123-V08.jpg,images/products/81o2dHjNItL._AC_SX450_.jpg,images/products/images_2_I9EGQWe.jpeg,images/products/spark-001-500x500.jpg
180,Non Modular Power Supply,Guaranteed 650W Continuous Power 80 PLUS certified 120mm Silent Fan 2 PCI-E connectors,1.5kg,6,Black,Antec,5200,medium,2022-06-02 23:38:41+06,1,3,VP650 Plus 650W,images/products/vp650-plus-1-500x500.jpg,images/products/vp650-plus-2-500x500.jpg,images/products/vp650-plus-3-500x500.jpg,images/products/vp650-plus-500x500.jpg
181,Diamond Storm  Pro RGB Gaming Casing,Supports EATX to Mini-ITX form factors 3 x 120mm front panel RGB fans and control box included Tempered glass front and side panel with steel build GPU sizes up to 380mm and CPU Cooler sizes up to 160mm,5kg,7,Black & Red,Redragon,1500,"12""",2022-06-02 23:49:56+06,1,3,Storm CA903 Pro RGB,images/products/ca-903-pro-5-500x500-1.jpg,images/products/download_18_1625487901-500x500.jpg,images/products/redragon-diamond-storm-ca903-Pro-gaming-casing-01-500x500.jpg,images/products/redragon-diamond-storm-ca903-Pro-gaming-casing-02-500x500.jpg
182,Multifunction Mono Laser Photocopier,"Print and Copy Speed: 22 ppm (Black) Duplex printing: Automatic Resolution: 1200x 1200 dpi Connectivity: USB 2.0, Ethernet",25.4 kg,3,white,HP,61000,560 x 540 x 417,2022-06-02 23:57:00+06,1,3,MFP M438dn,images/products/mfp-m438dn-1-500x500.jpg,images/products/mfp-m438dn-2-500x500.jpg,images/products/mfp-m438dn-500x500.jpg,images/products/mfp-m438dn-1-500x500_x4VtYxR.jpg
183,Document Scanner,Speed:45 ppm in B&W Resolution: 600 x 600dpi Connectivity: Hi-Speed USB,25kg,5,Black,Canon,73000,Large,2022-06-03 00:04:43+06,1,3,DR-C240,images/products/c240-1-500x500.jpg,images/products/c240-2-500x500.jpg,images/products/c240-3-500x500.jpg,images/products/c240-1-500x500_S19vo5L.jpg
184,STAR 2000VA IPS,Capacity 2000VA Protection Short Circuit Display LCD,10kg,7,white,STAR,7000,Large,2022-06-03 00:09:29+06,1,22,STAR -EP-SL,images/products/2000va-001-500x500.jpg,images/products/MaxGreen-MGO-G116KS-6-KVA-Standard-Backup-Online-UPS-300x300.jpg,images/products/walton-home-ips-wip-400sh-600sh-800sh1404376020.jpg,images/products/2000va-001-500x500_JKA0DdT.jpg
185,Gigabit Smart Managed Switch,Support 2 x 10/100/1000 Base-T/SFP Combo Slots 48 Port 10/100 Base-T POE Switch 2 x 10/100/1000 Base-T Ports IEEE 802.1Q Virtual LAN (VLAN),1.5kg,6,Black,D-Link,18290,17in.,2022-06-03 00:21:14+06,1,3,DES-1210-52 48 Port,images/products/des-1210-52-001-500x500.jpg,images/products/download_2.jpg,images/products/images_3.jpeg,images/products/images_4.jpeg
186,Apple Magic Mouse,Wireless and rechargeable Multi-Touch surface Incredibly durable internal battery USB-C to Lightning Cable included,0.22 pound,5,white,Apple,10000,0.85 inch,2022-06-03 00:29:51+06,1,3,MK2E3AM/A,images/products/magic-mouse-01-500x500.jpg,images/products/magic-mouse-02-500x500.jpg,images/products/magic-mouse-03-500x500.jpg,images/products/magic-mouse-04-500x500.jpg
